Datetime,Open,High,Low,Close,Volume,Dividends,Stock Splits
2026-01-05 09:15:00+05:30,1593.0,1599.699951171875,1593.0,1598.800048828125,0,0.0,0.0
2026-01-05 09:16:00+05:30,1598.0999755859375,1599.800048828125,1597.5999755859375,1599.0,114121,0.0,0.0
2026-01-05 09:17:00+05:30,1599.300048828125,1600.5999755859375,1599.199951171875,1600.5999755859375,71444,0.0,0.0
2026-01-05 09:18:00+05:30,1600.4000244140625,1602.5999755859375,1600.4000244140625,1602.4000244140625,96335,0.0,0.0
2026-01-05 09:19:00+05:30,1602.0999755859375,1603.300048828125,1602.0999755859375,1602.9000244140625,57685,0.0,0.0
2026-01-05 09:20:00+05:30,1603.199951171875,1603.699951171875,1602.0,1602.5999755859375,47337,0.0,0.0
2026-01-05 09:21:00+05:30,1602.5,1606.0999755859375,1601.5,1606.0,100766,0.0,0.0
2026-01-05 09:22:00+05:30,1606.0999755859375,1609.300048828125,1606.0999755859375,1609.199951171875,96605,0.0,0.0
2026-01-05 09:23:00+05:30,1609.199951171875,1611.5999755859375,1608.699951171875,1609.0999755859375,129051,0.0,0.0
2026-01-05 09:24:00+05:30,1609.5999755859375,1609.5999755859375,1607.199951171875,1607.699951171875,32668,0.0,0.0
2026-01-05 09:25:00+05:30,1608.0,1608.0999755859375,1606.9000244140625,1608.0,46031,0.0,0.0
2026-01-05 09:26:00+05:30,1608.0,1609.9000244140625,1608.0,1609.699951171875,49828,0.0,0.0
2026-01-05 09:27:00+05:30,1609.5,1609.800048828125,1608.0999755859375,1608.4000244140625,21607,0.0,0.0
2026-01-05 09:28:00+05:30,1608.4000244140625,1608.699951171875,1607.5999755859375,1607.9000244140625,36136,0.0,0.0
2026-01-05 09:29:00+05:30,1607.699951171875,1608.0,1605.699951171875,1606.0,53788,0.0,0.0
2026-01-05 09:30:00+05:30,1605.800048828125,1606.0,1603.5999755859375,1603.699951171875,62604,0.0,0.0
2026-01-05 09:31:00+05:30,1603.199951171875,1603.9000244140625,1601.9000244140625,1602.199951171875,57703,0.0,0.0
2026-01-05 09:32:00+05:30,1602.300048828125,1602.5999755859375,1601.4000244140625,1602.0,27478,0.0,0.0
2026-01-05 09:33:00+05:30,1602.0,1602.5,1599.699951171875,1599.699951171875,30525,0.0,0.0
2026-01-05 09:34:00+05:30,1599.4000244140625,1599.9000244140625,1597.5999755859375,1597.5999755859375,39009,0.0,0.0
2026-01-05 09:35:00+05:30,1597.800048828125,1599.5,1596.5,1598.199951171875,41245,0.0,0.0
2026-01-05 09:36:00+05:30,1598.5,1599.699951171875,1598.0,1599.300048828125,21817,0.0,0.0
2026-01-05 09:37:00+05:30,1599.300048828125,1599.5999755859375,1598.5,1598.9000244140625,10310,0.0,0.0
2026-01-05 09:38:00+05:30,1599.199951171875,1599.9000244140625,1598.699951171875,1599.9000244140625,10168,0.0,0.0
2026-01-05 09:39:00+05:30,1599.699951171875,1600.5999755859375,1599.300048828125,1599.300048828125,29110,0.0,0.0
2026-01-05 09:40:00+05:30,1599.699951171875,1600.0,1599.0999755859375,1599.5999755859375,12148,0.0,0.0
2026-01-05 09:41:00+05:30,1600.0,1600.0,1598.4000244140625,1598.9000244140625,11774,0.0,0.0
2026-01-05 09:42:00+05:30,1599.4000244140625,1599.5,1597.4000244140625,1597.9000244140625,14784,0.0,0.0
2026-01-05 09:43:00+05:30,1597.5,1598.0,1597.300048828125,1597.699951171875,19061,0.0,0.0
2026-01-05 09:44:00+05:30,1597.199951171875,1597.9000244140625,1597.0,1597.800048828125,10402,0.0,0.0
2026-01-05 09:45:00+05:30,1597.800048828125,1598.0,1597.5999755859375,1597.699951171875,10619,0.0,0.0
2026-01-05 09:46:00+05:30,1597.5999755859375,1597.9000244140625,1597.0,1597.199951171875,12705,0.0,0.0
2026-01-05 09:47:00+05:30,1597.800048828125,1598.0,1595.9000244140625,1596.0,118009,0.0,0.0
2026-01-05 09:48:00+05:30,1596.0,1596.0,1595.699951171875,1595.9000244140625,39915,0.0,0.0
2026-01-05 09:49:00+05:30,1596.0,1596.0,1595.9000244140625,1595.9000244140625,35998,0.0,0.0
2026-01-05 09:50:00+05:30,1596.0,1598.0,1595.9000244140625,1597.199951171875,55565,0.0,0.0
2026-01-05 09:51:00+05:30,1597.5,1597.9000244140625,1596.4000244140625,1596.4000244140625,10735,0.0,0.0
2026-01-05 09:52:00+05:30,1596.5999755859375,1597.199951171875,1596.4000244140625,1596.5999755859375,7411,0.0,0.0
2026-01-05 09:53:00+05:30,1596.9000244140625,1597.699951171875,1596.4000244140625,1597.5999755859375,55216,0.0,0.0
2026-01-05 09:54:00+05:30,1597.0999755859375,1597.800048828125,1597.0999755859375,1597.199951171875,8814,0.0,0.0
2026-01-05 09:55:00+05:30,1597.199951171875,1597.5999755859375,1596.699951171875,1596.9000244140625,14235,0.0,0.0
2026-01-05 09:56:00+05:30,1596.9000244140625,1597.5999755859375,1596.4000244140625,1597.0999755859375,18047,0.0,0.0
2026-01-05 09:57:00+05:30,1597.5999755859375,1597.5999755859375,1596.5999755859375,1597.4000244140625,5914,0.0,0.0
2026-01-05 09:58:00+05:30,1597.199951171875,1597.4000244140625,1597.0,1597.199951171875,3782,0.0,0.0
2026-01-05 09:59:00+05:30,1597.199951171875,1597.9000244140625,1596.5999755859375,1596.9000244140625,25483,0.0,0.0
2026-01-05 10:00:00+05:30,1596.9000244140625,1597.5999755859375,1596.800048828125,1597.4000244140625,5633,0.0,0.0
2026-01-05 10:01:00+05:30,1597.199951171875,1597.699951171875,1597.0999755859375,1597.199951171875,7132,0.0,0.0
2026-01-05 10:02:00+05:30,1597.0999755859375,1597.4000244140625,1596.5999755859375,1596.5999755859375,19594,0.0,0.0
2026-01-05 10:03:00+05:30,1596.5999755859375,1597.4000244140625,1596.4000244140625,1596.699951171875,15988,0.0,0.0
2026-01-05 10:04:00+05:30,1596.699951171875,1596.699951171875,1595.0,1595.0999755859375,37257,0.0,0.0
2026-01-05 10:05:00+05:30,1595.300048828125,1596.699951171875,1594.199951171875,1596.5,49124,0.0,0.0
2026-01-05 10:06:00+05:30,1596.5999755859375,1598.0,1596.199951171875,1598.0,18550,0.0,0.0
2026-01-05 10:07:00+05:30,1598.0,1598.0999755859375,1597.300048828125,1597.9000244140625,13018,0.0,0.0
2026-01-05 10:08:00+05:30,1597.9000244140625,1598.699951171875,1597.699951171875,1598.4000244140625,13132,0.0,0.0
2026-01-05 10:09:00+05:30,1598.5999755859375,1598.5999755859375,1597.699951171875,1597.800048828125,16580,0.0,0.0
2026-01-05 10:10:00+05:30,1597.800048828125,1598.5,1597.800048828125,1598.5,8203,0.0,0.0
2026-01-05 10:11:00+05:30,1598.699951171875,1598.699951171875,1598.0,1598.4000244140625,10296,0.0,0.0
2026-01-05 10:12:00+05:30,1598.300048828125,1598.5999755859375,1598.0999755859375,1598.300048828125,6186,0.0,0.0
2026-01-05 10:13:00+05:30,1598.199951171875,1599.0,1598.199951171875,1598.9000244140625,7393,0.0,0.0
2026-01-05 10:14:00+05:30,1598.9000244140625,1599.0,1598.5,1598.9000244140625,10793,0.0,0.0
2026-01-05 10:15:00+05:30,1598.800048828125,1599.0,1598.800048828125,1599.0,15862,0.0,0.0
2026-01-05 10:16:00+05:30,1598.9000244140625,1599.0999755859375,1598.5,1598.5,13117,0.0,0.0
2026-01-05 10:17:00+05:30,1598.4000244140625,1598.800048828125,1598.0,1598.0999755859375,11020,0.0,0.0
2026-01-05 10:18:00+05:30,1598.0,1598.4000244140625,1598.0,1598.4000244140625,10910,0.0,0.0
2026-01-05 10:19:00+05:30,1598.4000244140625,1598.800048828125,1598.300048828125,1598.800048828125,8470,0.0,0.0
2026-01-05 10:20:00+05:30,1598.800048828125,1599.4000244140625,1598.800048828125,1599.300048828125,11384,0.0,0.0
2026-01-05 10:21:00+05:30,1599.300048828125,1599.699951171875,1599.0999755859375,1599.0999755859375,15515,0.0,0.0
2026-01-05 10:22:00+05:30,1599.0,1599.199951171875,1598.5,1599.0999755859375,12038,0.0,0.0
2026-01-05 10:23:00+05:30,1599.0999755859375,1599.0999755859375,1598.9000244140625,1599.0,7824,0.0,0.0
2026-01-05 10:24:00+05:30,1599.0,1599.300048828125,1598.9000244140625,1599.300048828125,7405,0.0,0.0
2026-01-05 10:25:00+05:30,1599.300048828125,1599.699951171875,1599.300048828125,1599.5999755859375,8933,0.0,0.0
2026-01-05 10:26:00+05:30,1599.5999755859375,1599.699951171875,1599.4000244140625,1599.5999755859375,5080,0.0,0.0
2026-01-05 10:27:00+05:30,1599.5999755859375,1599.5999755859375,1599.199951171875,1599.199951171875,8802,0.0,0.0
2026-01-05 10:28:00+05:30,1599.199951171875,1599.300048828125,1599.0999755859375,1599.199951171875,5183,0.0,0.0
2026-01-05 10:29:00+05:30,1599.0,1599.199951171875,1598.800048828125,1598.800048828125,18086,0.0,0.0
2026-01-05 10:30:00+05:30,1598.9000244140625,1598.9000244140625,1597.699951171875,1597.699951171875,16436,0.0,0.0
2026-01-05 10:31:00+05:30,1597.4000244140625,1598.4000244140625,1597.4000244140625,1598.199951171875,8785,0.0,0.0
2026-01-05 10:32:00+05:30,1598.300048828125,1598.5999755859375,1598.199951171875,1598.300048828125,6599,0.0,0.0
2026-01-05 10:33:00+05:30,1598.300048828125,1598.699951171875,1598.300048828125,1598.5999755859375,4005,0.0,0.0
2026-01-05 10:34:00+05:30,1598.5999755859375,1598.800048828125,1598.4000244140625,1598.5,7741,0.0,0.0
2026-01-05 10:35:00+05:30,1598.5,1598.5,1597.800048828125,1598.199951171875,18968,0.0,0.0
2026-01-05 10:36:00+05:30,1598.199951171875,1598.300048828125,1597.9000244140625,1598.0999755859375,6161,0.0,0.0
2026-01-05 10:37:00+05:30,1598.300048828125,1598.300048828125,1598.0999755859375,1598.199951171875,3439,0.0,0.0
2026-01-05 10:38:00+05:30,1598.199951171875,1598.800048828125,1598.199951171875,1598.5,6403,0.0,0.0
2026-01-05 10:39:00+05:30,1598.5,1599.0999755859375,1598.4000244140625,1599.0999755859375,5559,0.0,0.0
2026-01-05 10:40:00+05:30,1599.0,1599.0999755859375,1598.0999755859375,1598.0999755859375,17389,0.0,0.0
2026-01-05 10:41:00+05:30,1597.9000244140625,1598.0,1596.300048828125,1596.4000244140625,18726,0.0,0.0
2026-01-05 10:42:00+05:30,1596.4000244140625,1596.5999755859375,1594.9000244140625,1595.0,18081,0.0,0.0
2026-01-05 10:43:00+05:30,1595.0,1595.4000244140625,1594.699951171875,1595.4000244140625,21062,0.0,0.0
2026-01-05 10:44:00+05:30,1595.4000244140625,1596.5999755859375,1595.300048828125,1596.5999755859375,13040,0.0,0.0
2026-01-05 10:45:00+05:30,1596.699951171875,1596.9000244140625,1596.0,1596.699951171875,15155,0.0,0.0
2026-01-05 10:46:00+05:30,1596.800048828125,1597.9000244140625,1596.800048828125,1597.4000244140625,12344,0.0,0.0
2026-01-05 10:47:00+05:30,1597.4000244140625,1597.4000244140625,1596.5999755859375,1596.800048828125,9416,0.0,0.0
2026-01-05 10:48:00+05:30,1596.800048828125,1597.4000244140625,1596.699951171875,1597.0,13264,0.0,0.0
2026-01-05 10:49:00+05:30,1596.699951171875,1597.300048828125,1596.699951171875,1597.0999755859375,5022,0.0,0.0
2026-01-05 10:50:00+05:30,1597.300048828125,1597.5999755859375,1597.199951171875,1597.4000244140625,9745,0.0,0.0
2026-01-05 10:51:00+05:30,1597.300048828125,1597.800048828125,1596.800048828125,1597.0999755859375,22712,0.0,0.0
2026-01-05 10:52:00+05:30,1597.0999755859375,1597.0999755859375,1596.5999755859375,1597.0999755859375,7657,0.0,0.0
2026-01-05 10:53:00+05:30,1597.0999755859375,1597.4000244140625,1597.0999755859375,1597.300048828125,10893,0.0,0.0
2026-01-05 10:54:00+05:30,1597.4000244140625,1597.5,1597.0999755859375,1597.300048828125,7992,0.0,0.0
2026-01-05 10:55:00+05:30,1597.300048828125,1597.800048828125,1597.0999755859375,1597.800048828125,5271,0.0,0.0
2026-01-05 10:56:00+05:30,1597.800048828125,1597.9000244140625,1597.0999755859375,1597.0999755859375,17462,0.0,0.0
2026-01-05 10:57:00+05:30,1597.0,1597.300048828125,1596.5999755859375,1596.800048828125,17131,0.0,0.0
2026-01-05 10:58:00+05:30,1596.800048828125,1597.5999755859375,1596.5999755859375,1597.5,4429,0.0,0.0
2026-01-05 10:59:00+05:30,1597.5,1598.0,1597.300048828125,1597.5,13395,0.0,0.0
2026-01-05 11:00:00+05:30,1597.0999755859375,1597.4000244140625,1597.0999755859375,1597.300048828125,8131,0.0,0.0
2026-01-05 11:01:00+05:30,1597.300048828125,1597.9000244140625,1597.0999755859375,1597.9000244140625,5245,0.0,0.0
2026-01-05 11:02:00+05:30,1597.9000244140625,1598.5,1597.800048828125,1598.4000244140625,6116,0.0,0.0
2026-01-05 11:03:00+05:30,1598.5,1599.0,1598.4000244140625,1598.9000244140625,9415,0.0,0.0
2026-01-05 11:04:00+05:30,1598.9000244140625,1599.199951171875,1598.9000244140625,1599.199951171875,14062,0.0,0.0
2026-01-05 11:05:00+05:30,1599.0999755859375,1599.0999755859375,1598.300048828125,1598.300048828125,12468,0.0,0.0
2026-01-05 11:06:00+05:30,1598.300048828125,1598.300048828125,1596.0,1596.300048828125,28013,0.0,0.0
2026-01-05 11:07:00+05:30,1596.300048828125,1596.4000244140625,1595.9000244140625,1596.199951171875,7635,0.0,0.0
2026-01-05 11:08:00+05:30,1596.199951171875,1596.199951171875,1595.5999755859375,1596.199951171875,19664,0.0,0.0
2026-01-05 11:09:00+05:30,1596.199951171875,1596.4000244140625,1596.0999755859375,1596.199951171875,9059,0.0,0.0
2026-01-05 11:10:00+05:30,1596.199951171875,1596.5,1596.199951171875,1596.5,15049,0.0,0.0
2026-01-05 11:11:00+05:30,1596.4000244140625,1597.9000244140625,1596.4000244140625,1597.699951171875,30764,0.0,0.0
2026-01-05 11:12:00+05:30,1597.699951171875,1597.800048828125,1597.4000244140625,1597.699951171875,13188,0.0,0.0
2026-01-05 11:13:00+05:30,1597.5,1597.699951171875,1597.0,1597.300048828125,15981,0.0,0.0
2026-01-05 11:14:00+05:30,1596.800048828125,1597.0,1596.800048828125,1597.0,36184,0.0,0.0
2026-01-05 11:15:00+05:30,1597.0,1597.0,1595.9000244140625,1595.9000244140625,31434,0.0,0.0
2026-01-05 11:16:00+05:30,1596.0,1596.0999755859375,1595.9000244140625,1596.0999755859375,12140,0.0,0.0
2026-01-05 11:17:00+05:30,1596.0999755859375,1596.0999755859375,1595.5999755859375,1596.0,14755,0.0,0.0
2026-01-05 11:18:00+05:30,1596.0999755859375,1596.199951171875,1595.800048828125,1595.9000244140625,11338,0.0,0.0
2026-01-05 11:19:00+05:30,1595.5999755859375,1595.800048828125,1595.4000244140625,1595.699951171875,9173,0.0,0.0
2026-01-05 11:20:00+05:30,1595.699951171875,1595.699951171875,1595.199951171875,1595.699951171875,11287,0.0,0.0
2026-01-05 11:21:00+05:30,1595.699951171875,1595.800048828125,1595.5,1595.699951171875,10730,0.0,0.0
2026-01-05 11:22:00+05:30,1595.699951171875,1595.699951171875,1594.800048828125,1595.5,20781,0.0,0.0
2026-01-05 11:23:00+05:30,1595.4000244140625,1595.4000244140625,1593.5999755859375,1593.800048828125,31769,0.0,0.0
2026-01-05 11:24:00+05:30,1593.800048828125,1594.5999755859375,1593.699951171875,1594.0999755859375,13895,0.0,0.0
2026-01-05 11:25:00+05:30,1593.800048828125,1594.9000244140625,1593.5999755859375,1594.5,7820,0.0,0.0
2026-01-05 11:26:00+05:30,1594.9000244140625,1594.9000244140625,1593.5999755859375,1593.699951171875,18361,0.0,0.0
2026-01-05 11:27:00+05:30,1593.699951171875,1594.300048828125,1593.300048828125,1594.300048828125,17296,0.0,0.0
2026-01-05 11:28:00+05:30,1594.300048828125,1594.800048828125,1594.199951171875,1594.5999755859375,4941,0.0,0.0
2026-01-05 11:29:00+05:30,1594.699951171875,1595.0,1594.5999755859375,1594.9000244140625,20395,0.0,0.0
2026-01-05 11:30:00+05:30,1594.800048828125,1594.800048828125,1594.4000244140625,1594.5,6039,0.0,0.0
2026-01-05 11:31:00+05:30,1594.5,1595.0,1594.4000244140625,1595.0,4230,0.0,0.0
2026-01-05 11:32:00+05:30,1595.0,1595.0,1594.800048828125,1594.9000244140625,10353,0.0,0.0
2026-01-05 11:33:00+05:30,1594.9000244140625,1595.0,1594.199951171875,1594.800048828125,17268,0.0,0.0
2026-01-05 11:34:00+05:30,1594.800048828125,1596.199951171875,1594.800048828125,1596.0,48452,0.0,0.0
2026-01-05 11:35:00+05:30,1596.0,1596.199951171875,1595.9000244140625,1596.0,7206,0.0,0.0
2026-01-05 11:36:00+05:30,1596.0,1596.300048828125,1595.9000244140625,1596.300048828125,11464,0.0,0.0
2026-01-05 11:37:00+05:30,1596.300048828125,1596.5,1595.9000244140625,1596.0999755859375,28356,0.0,0.0
2026-01-05 11:38:00+05:30,1596.0,1596.199951171875,1595.5,1595.5,11048,0.0,0.0
2026-01-05 11:39:00+05:30,1595.5999755859375,1596.0999755859375,1595.0,1596.0999755859375,8529,0.0,0.0
2026-01-05 11:40:00+05:30,1595.9000244140625,1596.0999755859375,1594.800048828125,1595.0,24625,0.0,0.0
2026-01-05 11:41:00+05:30,1595.0,1596.0,1594.9000244140625,1596.0,14732,0.0,0.0
2026-01-05 11:42:00+05:30,1595.9000244140625,1596.199951171875,1595.300048828125,1595.300048828125,16578,0.0,0.0
2026-01-05 11:43:00+05:30,1595.300048828125,1595.300048828125,1594.800048828125,1595.199951171875,9489,0.0,0.0
2026-01-05 11:44:00+05:30,1595.199951171875,1595.199951171875,1594.9000244140625,1595.0,6337,0.0,0.0
2026-01-05 11:45:00+05:30,1595.0,1595.699951171875,1595.0,1595.699951171875,7939,0.0,0.0
2026-01-05 11:46:00+05:30,1595.0999755859375,1595.199951171875,1594.5999755859375,1594.9000244140625,19139,0.0,0.0
2026-01-05 11:47:00+05:30,1595.0,1595.4000244140625,1595.0,1595.0,8379,0.0,0.0
2026-01-05 11:48:00+05:30,1595.300048828125,1595.300048828125,1595.0,1595.199951171875,5135,0.0,0.0
2026-01-05 11:49:00+05:30,1595.199951171875,1595.9000244140625,1595.199951171875,1595.699951171875,8243,0.0,0.0
2026-01-05 11:50:00+05:30,1595.699951171875,1595.699951171875,1595.199951171875,1595.300048828125,11332,0.0,0.0
2026-01-05 11:51:00+05:30,1595.199951171875,1595.300048828125,1594.699951171875,1595.0,13054,0.0,0.0
2026-01-05 11:52:00+05:30,1595.0999755859375,1595.199951171875,1594.4000244140625,1594.5999755859375,5631,0.0,0.0
2026-01-05 11:53:00+05:30,1594.5999755859375,1594.800048828125,1593.0999755859375,1593.0999755859375,20940,0.0,0.0
2026-01-05 11:54:00+05:30,1593.0,1593.5999755859375,1592.699951171875,1593.0999755859375,16001,0.0,0.0
2026-01-05 11:55:00+05:30,1593.0999755859375,1593.5,1593.0,1593.300048828125,5888,0.0,0.0
2026-01-05 11:56:00+05:30,1593.300048828125,1593.800048828125,1593.0,1593.0,11259,0.0,0.0
2026-01-05 11:57:00+05:30,1593.300048828125,1593.4000244140625,1592.800048828125,1592.800048828125,13166,0.0,0.0
2026-01-05 11:58:00+05:30,1593.0,1593.800048828125,1592.699951171875,1593.800048828125,4668,0.0,0.0
2026-01-05 11:59:00+05:30,1593.9000244140625,1594.300048828125,1593.5,1594.0,7979,0.0,0.0
2026-01-05 12:00:00+05:30,1594.0,1594.300048828125,1593.9000244140625,1593.9000244140625,6396,0.0,0.0
2026-01-05 12:01:00+05:30,1593.9000244140625,1594.0999755859375,1590.300048828125,1590.9000244140625,44199,0.0,0.0
2026-01-05 12:02:00+05:30,1590.9000244140625,1592.0999755859375,1590.9000244140625,1592.0999755859375,14080,0.0,0.0
2026-01-05 12:03:00+05:30,1592.300048828125,1592.300048828125,1591.199951171875,1591.300048828125,14921,0.0,0.0
2026-01-05 12:04:00+05:30,1591.800048828125,1592.300048828125,1591.5,1592.0999755859375,5896,0.0,0.0
2026-01-05 12:05:00+05:30,1592.0,1592.5,1591.5999755859375,1591.5999755859375,10779,0.0,0.0
2026-01-05 12:06:00+05:30,1591.5999755859375,1592.199951171875,1591.5999755859375,1591.9000244140625,4642,0.0,0.0
2026-01-05 12:07:00+05:30,1591.9000244140625,1592.199951171875,1591.5999755859375,1591.5999755859375,10498,0.0,0.0
2026-01-05 12:08:00+05:30,1591.5,1591.5,1590.0999755859375,1591.0,19491,0.0,0.0
2026-01-05 12:09:00+05:30,1590.800048828125,1592.0,1590.800048828125,1592.0,5644,0.0,0.0
2026-01-05 12:10:00+05:30,1591.800048828125,1592.0999755859375,1591.5,1591.800048828125,10310,0.0,0.0
2026-01-05 12:11:00+05:30,1591.5,1591.800048828125,1590.800048828125,1591.199951171875,8325,0.0,0.0
2026-01-05 12:12:00+05:30,1591.4000244140625,1592.0,1591.199951171875,1591.800048828125,4932,0.0,0.0
2026-01-05 12:13:00+05:30,1592.0,1592.0999755859375,1591.0,1591.0,13700,0.0,0.0
2026-01-05 12:14:00+05:30,1591.300048828125,1592.0999755859375,1591.0,1592.0,5316,0.0,0.0
2026-01-05 12:15:00+05:30,1592.0999755859375,1592.199951171875,1590.9000244140625,1591.300048828125,20490,0.0,0.0
2026-01-05 12:16:00+05:30,1591.5,1591.5,1590.9000244140625,1591.0,7113,0.0,0.0
2026-01-05 12:17:00+05:30,1591.0,1591.0999755859375,1590.9000244140625,1591.0,13861,0.0,0.0
2026-01-05 12:18:00+05:30,1591.0,1591.0,1590.9000244140625,1590.9000244140625,9763,0.0,0.0
2026-01-05 12:19:00+05:30,1591.0,1591.0,1590.699951171875,1590.800048828125,11970,0.0,0.0
2026-01-05 12:20:00+05:30,1590.699951171875,1591.4000244140625,1590.699951171875,1591.199951171875,18558,0.0,0.0
2026-01-05 12:21:00+05:30,1591.5999755859375,1591.9000244140625,1591.0999755859375,1591.199951171875,11710,0.0,0.0
2026-01-05 12:22:00+05:30,1591.5,1591.5999755859375,1591.199951171875,1591.4000244140625,3532,0.0,0.0
2026-01-05 12:23:00+05:30,1591.5999755859375,1591.800048828125,1591.0,1591.4000244140625,14084,0.0,0.0
2026-01-05 12:24:00+05:30,1591.4000244140625,1591.9000244140625,1591.300048828125,1591.9000244140625,4220,0.0,0.0
2026-01-05 12:25:00+05:30,1591.699951171875,1592.0,1590.9000244140625,1591.5999755859375,35114,0.0,0.0
2026-01-05 12:26:00+05:30,1591.199951171875,1591.199951171875,1590.5,1591.0,5173,0.0,0.0
2026-01-05 12:27:00+05:30,1590.699951171875,1591.0,1590.5999755859375,1590.9000244140625,6531,0.0,0.0
2026-01-05 12:28:00+05:30,1591.0,1591.0,1590.800048828125,1590.9000244140625,6523,0.0,0.0
2026-01-05 12:29:00+05:30,1591.0,1591.0999755859375,1590.9000244140625,1591.0,8543,0.0,0.0
2026-01-05 12:30:00+05:30,1590.9000244140625,1591.199951171875,1590.9000244140625,1591.0999755859375,4411,0.0,0.0
2026-01-05 12:31:00+05:30,1590.5,1590.5999755859375,1590.0999755859375,1590.0999755859375,25783,0.0,0.0
2026-01-05 12:32:00+05:30,1590.300048828125,1590.699951171875,1589.9000244140625,1590.300048828125,49312,0.0,0.0
2026-01-05 12:33:00+05:30,1590.300048828125,1590.699951171875,1590.0,1590.5999755859375,5999,0.0,0.0
2026-01-05 12:34:00+05:30,1590.5999755859375,1591.0,1590.5999755859375,1590.5999755859375,5095,0.0,0.0
2026-01-05 12:35:00+05:30,1591.0,1591.0999755859375,1590.5999755859375,1590.9000244140625,10172,0.0,0.0
2026-01-05 12:36:00+05:30,1591.0999755859375,1591.199951171875,1590.800048828125,1591.0,10248,0.0,0.0
2026-01-05 12:37:00+05:30,1591.0,1591.300048828125,1590.800048828125,1591.0999755859375,10354,0.0,0.0
2026-01-05 12:38:00+05:30,1591.0999755859375,1592.0,1591.0,1592.0,13938,0.0,0.0
2026-01-05 12:39:00+05:30,1592.0,1592.300048828125,1592.0,1592.300048828125,4790,0.0,0.0
2026-01-05 12:40:00+05:30,1592.199951171875,1592.300048828125,1591.199951171875,1592.0,15520,0.0,0.0
2026-01-05 12:41:00+05:30,1591.800048828125,1592.300048828125,1591.800048828125,1591.800048828125,8230,0.0,0.0
2026-01-05 12:42:00+05:30,1591.800048828125,1592.199951171875,1591.800048828125,1592.0,4890,0.0,0.0
2026-01-05 12:43:00+05:30,1592.199951171875,1592.300048828125,1591.800048828125,1591.800048828125,9053,0.0,0.0
2026-01-05 12:44:00+05:30,1591.9000244140625,1592.4000244140625,1591.800048828125,1592.300048828125,6828,0.0,0.0
2026-01-05 12:45:00+05:30,1592.0,1592.5,1591.5999755859375,1591.5999755859375,13231,0.0,0.0
2026-01-05 12:46:00+05:30,1591.5999755859375,1592.0,1591.4000244140625,1591.800048828125,6546,0.0,0.0
2026-01-05 12:47:00+05:30,1591.800048828125,1592.199951171875,1591.800048828125,1592.0,5739,0.0,0.0
2026-01-05 12:48:00+05:30,1592.0999755859375,1592.199951171875,1590.9000244140625,1590.9000244140625,45365,0.0,0.0
2026-01-05 12:49:00+05:30,1590.9000244140625,1591.300048828125,1590.699951171875,1591.0,6840,0.0,0.0
2026-01-05 12:50:00+05:30,1591.0,1591.300048828125,1591.0,1591.300048828125,5160,0.0,0.0
2026-01-05 12:51:00+05:30,1591.300048828125,1591.800048828125,1590.9000244140625,1591.0,17734,0.0,0.0
2026-01-05 12:52:00+05:30,1591.0,1591.0,1590.699951171875,1590.9000244140625,5645,0.0,0.0
2026-01-05 12:53:00+05:30,1591.0,1591.0999755859375,1590.5999755859375,1590.699951171875,10009,0.0,0.0
2026-01-05 12:54:00+05:30,1590.699951171875,1590.699951171875,1590.5,1590.699951171875,5336,0.0,0.0
2026-01-05 12:55:00+05:30,1590.5999755859375,1591.0,1590.5999755859375,1590.699951171875,5541,0.0,0.0
2026-01-05 12:56:00+05:30,1590.800048828125,1591.0,1590.699951171875,1591.0,5614,0.0,0.0
2026-01-05 12:57:00+05:30,1590.800048828125,1591.0999755859375,1590.800048828125,1591.0,9690,0.0,0.0
2026-01-05 12:58:00+05:30,1590.9000244140625,1591.0,1589.5,1589.699951171875,51860,0.0,0.0
2026-01-05 12:59:00+05:30,1589.699951171875,1590.0,1589.300048828125,1589.300048828125,17079,0.0,0.0
2026-01-05 13:00:00+05:30,1589.300048828125,1589.800048828125,1589.0999755859375,1589.5999755859375,8926,0.0,0.0
2026-01-05 13:01:00+05:30,1589.5999755859375,1590.199951171875,1589.4000244140625,1590.199951171875,11451,0.0,0.0
2026-01-05 13:02:00+05:30,1590.199951171875,1590.300048828125,1590.0,1590.0999755859375,8211,0.0,0.0
2026-01-05 13:03:00+05:30,1590.0999755859375,1590.0999755859375,1589.699951171875,1590.0,11124,0.0,0.0
2026-01-05 13:04:00+05:30,1590.0,1590.199951171875,1589.9000244140625,1590.0999755859375,6667,0.0,0.0
2026-01-05 13:05:00+05:30,1590.0999755859375,1590.300048828125,1589.9000244140625,1589.9000244140625,6634,0.0,0.0
2026-01-05 13:06:00+05:30,1589.9000244140625,1590.199951171875,1589.9000244140625,1590.0999755859375,5770,0.0,0.0
2026-01-05 13:07:00+05:30,1590.0999755859375,1590.5,1589.699951171875,1589.9000244140625,17771,0.0,0.0
2026-01-05 13:08:00+05:30,1589.800048828125,1590.0,1589.699951171875,1589.9000244140625,7436,0.0,0.0
2026-01-05 13:09:00+05:30,1589.9000244140625,1589.9000244140625,1588.4000244140625,1589.199951171875,18483,0.0,0.0
2026-01-05 13:10:00+05:30,1589.300048828125,1589.9000244140625,1589.0999755859375,1589.0999755859375,16507,0.0,0.0
2026-01-05 13:11:00+05:30,1589.199951171875,1589.5999755859375,1589.0999755859375,1589.5999755859375,10314,0.0,0.0
2026-01-05 13:12:00+05:30,1589.5999755859375,1589.800048828125,1588.0999755859375,1588.0999755859375,34633,0.0,0.0
2026-01-05 13:13:00+05:30,1588.0999755859375,1589.0999755859375,1588.0,1588.9000244140625,14796,0.0,0.0
2026-01-05 13:14:00+05:30,1589.0999755859375,1589.300048828125,1589.0,1589.300048828125,8684,0.0,0.0
2026-01-05 13:15:00+05:30,1589.0,1589.0,1588.0999755859375,1588.199951171875,13339,0.0,0.0
2026-01-05 13:16:00+05:30,1588.4000244140625,1588.9000244140625,1588.199951171875,1588.4000244140625,22683,0.0,0.0
2026-01-05 13:17:00+05:30,1588.5,1588.5,1587.9000244140625,1588.4000244140625,8385,0.0,0.0
2026-01-05 13:18:00+05:30,1588.4000244140625,1589.300048828125,1588.300048828125,1589.199951171875,5792,0.0,0.0
2026-01-05 13:19:00+05:30,1589.0999755859375,1589.699951171875,1588.800048828125,1589.4000244140625,10978,0.0,0.0
2026-01-05 13:20:00+05:30,1589.300048828125,1589.5,1588.0,1588.0999755859375,12937,0.0,0.0
2026-01-05 13:21:00+05:30,1588.0999755859375,1588.300048828125,1587.699951171875,1587.699951171875,10046,0.0,0.0
2026-01-05 13:22:00+05:30,1587.699951171875,1588.5,1587.5999755859375,1588.5,7947,0.0,0.0
2026-01-05 13:23:00+05:30,1588.4000244140625,1588.5999755859375,1587.699951171875,1587.9000244140625,14693,0.0,0.0
2026-01-05 13:24:00+05:30,1587.9000244140625,1588.199951171875,1587.9000244140625,1588.199951171875,23745,0.0,0.0
2026-01-05 13:25:00+05:30,1588.199951171875,1588.300048828125,1588.0,1588.0999755859375,8238,0.0,0.0
2026-01-05 13:26:00+05:30,1588.0999755859375,1588.0999755859375,1587.5999755859375,1587.5999755859375,12025,0.0,0.0
2026-01-05 13:27:00+05:30,1587.5,1587.5999755859375,1587.300048828125,1587.5999755859375,6158,0.0,0.0
2026-01-05 13:28:00+05:30,1587.5999755859375,1587.699951171875,1586.199951171875,1586.199951171875,24414,0.0,0.0
2026-01-05 13:29:00+05:30,1586.4000244140625,1586.699951171875,1586.199951171875,1586.699951171875,9855,0.0,0.0
2026-01-05 13:30:00+05:30,1586.699951171875,1586.699951171875,1584.0999755859375,1584.699951171875,31345,0.0,0.0
2026-01-05 13:31:00+05:30,1584.699951171875,1585.4000244140625,1584.0999755859375,1585.199951171875,26292,0.0,0.0
2026-01-05 13:32:00+05:30,1585.199951171875,1585.4000244140625,1584.800048828125,1585.0999755859375,8884,0.0,0.0
2026-01-05 13:33:00+05:30,1585.0999755859375,1585.0999755859375,1584.300048828125,1584.5,13676,0.0,0.0
2026-01-05 13:34:00+05:30,1584.5999755859375,1584.9000244140625,1584.199951171875,1584.800048828125,11078,0.0,0.0
2026-01-05 13:35:00+05:30,1584.800048828125,1584.9000244140625,1583.5,1584.800048828125,17587,0.0,0.0
2026-01-05 13:36:00+05:30,1585.300048828125,1585.5999755859375,1584.5999755859375,1584.800048828125,13184,0.0,0.0
2026-01-05 13:37:00+05:30,1585.0,1585.699951171875,1584.9000244140625,1585.5999755859375,16089,0.0,0.0
2026-01-05 13:38:00+05:30,1585.5999755859375,1585.800048828125,1585.300048828125,1585.699951171875,9235,0.0,0.0
2026-01-05 13:39:00+05:30,1585.800048828125,1585.9000244140625,1584.9000244140625,1585.0,12504,0.0,0.0
2026-01-05 13:40:00+05:30,1585.300048828125,1585.4000244140625,1584.699951171875,1584.699951171875,7898,0.0,0.0
2026-01-05 13:41:00+05:30,1584.699951171875,1585.0,1584.5999755859375,1584.800048828125,13668,0.0,0.0
2026-01-05 13:42:00+05:30,1584.800048828125,1585.5999755859375,1583.699951171875,1584.199951171875,24880,0.0,0.0
2026-01-05 13:43:00+05:30,1584.300048828125,1584.5,1583.699951171875,1584.300048828125,8833,0.0,0.0
2026-01-05 13:44:00+05:30,1584.4000244140625,1584.9000244140625,1584.4000244140625,1584.4000244140625,13895,0.0,0.0
2026-01-05 13:45:00+05:30,1584.4000244140625,1584.4000244140625,1583.699951171875,1583.699951171875,17879,0.0,0.0
2026-01-05 13:46:00+05:30,1583.699951171875,1584.300048828125,1583.300048828125,1583.9000244140625,9899,0.0,0.0
2026-01-05 13:47:00+05:30,1583.9000244140625,1584.0,1583.5999755859375,1584.0,8978,0.0,0.0
2026-01-05 13:48:00+05:30,1584.0,1584.0,1583.0999755859375,1583.5,11463,0.0,0.0
2026-01-05 13:49:00+05:30,1583.5,1583.9000244140625,1583.300048828125,1583.9000244140625,8899,0.0,0.0
2026-01-05 13:50:00+05:30,1583.199951171875,1583.300048828125,1582.4000244140625,1582.5999755859375,20316,0.0,0.0
2026-01-05 13:51:00+05:30,1582.5999755859375,1583.300048828125,1582.0999755859375,1582.4000244140625,14993,0.0,0.0
2026-01-05 13:52:00+05:30,1582.699951171875,1583.199951171875,1582.300048828125,1583.0999755859375,7847,0.0,0.0
2026-01-05 13:53:00+05:30,1583.0999755859375,1583.800048828125,1582.9000244140625,1583.5,12341,0.0,0.0
2026-01-05 13:54:00+05:30,1583.5,1583.699951171875,1583.0,1583.5,26706,0.0,0.0
2026-01-05 13:55:00+05:30,1583.5999755859375,1584.800048828125,1583.4000244140625,1583.800048828125,23682,0.0,0.0
2026-01-05 13:56:00+05:30,1583.800048828125,1583.9000244140625,1583.0999755859375,1583.699951171875,10272,0.0,0.0
2026-01-05 13:57:00+05:30,1583.699951171875,1584.300048828125,1583.5999755859375,1584.199951171875,9755,0.0,0.0
2026-01-05 13:58:00+05:30,1584.199951171875,1584.300048828125,1583.0999755859375,1583.199951171875,9022,0.0,0.0
2026-01-05 13:59:00+05:30,1583.199951171875,1583.5,1582.0999755859375,1582.0999755859375,20773,0.0,0.0
2026-01-05 14:00:00+05:30,1582.300048828125,1583.199951171875,1582.0,1582.5999755859375,57948,0.0,0.0
2026-01-05 14:01:00+05:30,1582.5999755859375,1582.5999755859375,1581.4000244140625,1582.0999755859375,72300,0.0,0.0
2026-01-05 14:02:00+05:30,1582.0,1582.199951171875,1581.300048828125,1582.0,70382,0.0,0.0
2026-01-05 14:03:00+05:30,1582.0,1582.0999755859375,1580.4000244140625,1580.699951171875,24869,0.0,0.0
2026-01-05 14:04:00+05:30,1580.5999755859375,1581.0999755859375,1580.0999755859375,1580.5999755859375,22292,0.0,0.0
2026-01-05 14:05:00+05:30,1580.699951171875,1580.699951171875,1579.199951171875,1579.699951171875,28639,0.0,0.0
2026-01-05 14:06:00+05:30,1579.5999755859375,1580.699951171875,1579.5999755859375,1580.699951171875,15705,0.0,0.0
2026-01-05 14:07:00+05:30,1580.5999755859375,1580.9000244140625,1580.0,1580.5999755859375,15420,0.0,0.0
2026-01-05 14:08:00+05:30,1580.5999755859375,1580.5999755859375,1579.699951171875,1579.699951171875,16171,0.0,0.0
2026-01-05 14:09:00+05:30,1579.4000244140625,1580.199951171875,1579.0999755859375,1580.199951171875,46824,0.0,0.0
2026-01-05 14:10:00+05:30,1580.199951171875,1580.199951171875,1579.5999755859375,1579.800048828125,21994,0.0,0.0
2026-01-05 14:11:00+05:30,1579.800048828125,1580.9000244140625,1579.5999755859375,1580.9000244140625,19548,0.0,0.0
2026-01-05 14:12:00+05:30,1580.800048828125,1580.9000244140625,1580.0,1580.5,10219,0.0,0.0
2026-01-05 14:13:00+05:30,1580.4000244140625,1580.699951171875,1580.0999755859375,1580.199951171875,10257,0.0,0.0
2026-01-05 14:14:00+05:30,1580.300048828125,1580.699951171875,1579.699951171875,1579.699951171875,19877,0.0,0.0
2026-01-05 14:15:00+05:30,1579.699951171875,1580.0999755859375,1579.5999755859375,1579.800048828125,14784,0.0,0.0
2026-01-05 14:16:00+05:30,1579.800048828125,1580.5,1579.300048828125,1580.4000244140625,14366,0.0,0.0
2026-01-05 14:17:00+05:30,1580.300048828125,1580.4000244140625,1579.800048828125,1580.0999755859375,13402,0.0,0.0
2026-01-05 14:18:00+05:30,1580.0999755859375,1580.800048828125,1580.0,1580.5999755859375,8240,0.0,0.0
2026-01-05 14:19:00+05:30,1580.5,1580.699951171875,1580.0,1580.0,13882,0.0,0.0
2026-01-05 14:20:00+05:30,1580.0,1580.199951171875,1578.199951171875,1579.0999755859375,71335,0.0,0.0
2026-01-05 14:21:00+05:30,1579.0999755859375,1579.5999755859375,1578.5,1578.5999755859375,24071,0.0,0.0
2026-01-05 14:22:00+05:30,1578.699951171875,1578.9000244140625,1577.300048828125,1578.9000244140625,26476,0.0,0.0
2026-01-05 14:23:00+05:30,1578.9000244140625,1580.0,1578.9000244140625,1580.0,13056,0.0,0.0
2026-01-05 14:24:00+05:30,1580.0,1581.0,1579.9000244140625,1580.9000244140625,14709,0.0,0.0
2026-01-05 14:25:00+05:30,1580.9000244140625,1581.0,1580.0,1580.300048828125,21450,0.0,0.0
2026-01-05 14:26:00+05:30,1580.300048828125,1581.0999755859375,1580.199951171875,1580.800048828125,14368,0.0,0.0
2026-01-05 14:27:00+05:30,1580.800048828125,1580.9000244140625,1579.5999755859375,1580.0,20386,0.0,0.0
2026-01-05 14:28:00+05:30,1579.800048828125,1580.0,1579.800048828125,1580.0,9935,0.0,0.0
2026-01-05 14:29:00+05:30,1579.9000244140625,1580.0,1579.4000244140625,1579.5999755859375,19908,0.0,0.0
2026-01-05 14:30:00+05:30,1579.699951171875,1579.699951171875,1579.300048828125,1579.5,11340,0.0,0.0
2026-01-05 14:31:00+05:30,1579.4000244140625,1579.5,1579.300048828125,1579.5,13060,0.0,0.0
2026-01-05 14:32:00+05:30,1579.5,1579.9000244140625,1579.0,1579.0999755859375,19908,0.0,0.0
2026-01-05 14:33:00+05:30,1579.300048828125,1579.800048828125,1579.0999755859375,1579.800048828125,10574,0.0,0.0
2026-01-05 14:34:00+05:30,1579.699951171875,1580.0,1579.699951171875,1579.9000244140625,21250,0.0,0.0
2026-01-05 14:35:00+05:30,1579.9000244140625,1580.0999755859375,1579.9000244140625,1580.0,29581,0.0,0.0
2026-01-05 14:36:00+05:30,1580.199951171875,1580.4000244140625,1579.9000244140625,1580.300048828125,11645,0.0,0.0
2026-01-05 14:37:00+05:30,1580.300048828125,1580.9000244140625,1580.199951171875,1580.5,17413,0.0,0.0
2026-01-05 14:38:00+05:30,1580.5,1580.5999755859375,1580.0,1580.300048828125,24511,0.0,0.0
2026-01-05 14:39:00+05:30,1580.199951171875,1580.5,1580.0,1580.5,29437,0.0,0.0
2026-01-05 14:40:00+05:30,1580.4000244140625,1580.9000244140625,1580.0,1580.5999755859375,30514,0.0,0.0
2026-01-05 14:41:00+05:30,1580.5999755859375,1581.699951171875,1580.5999755859375,1581.300048828125,19280,0.0,0.0
2026-01-05 14:42:00+05:30,1581.199951171875,1581.4000244140625,1580.699951171875,1581.199951171875,19071,0.0,0.0
2026-01-05 14:43:00+05:30,1581.199951171875,1581.199951171875,1580.4000244140625,1581.0,24035,0.0,0.0
2026-01-05 14:44:00+05:30,1581.0,1581.199951171875,1580.5999755859375,1581.199951171875,40365,0.0,0.0
2026-01-05 14:45:00+05:30,1581.199951171875,1581.199951171875,1580.800048828125,1581.0,11648,0.0,0.0
2026-01-05 14:46:00+05:30,1581.0,1581.0999755859375,1580.9000244140625,1581.0,14692,0.0,0.0
2026-01-05 14:47:00+05:30,1580.9000244140625,1581.0,1580.800048828125,1580.9000244140625,11446,0.0,0.0
2026-01-05 14:48:00+05:30,1580.699951171875,1581.800048828125,1580.699951171875,1581.699951171875,12868,0.0,0.0
2026-01-05 14:49:00+05:30,1581.699951171875,1581.9000244140625,1581.5999755859375,1581.9000244140625,10127,0.0,0.0
2026-01-05 14:50:00+05:30,1581.9000244140625,1582.0,1581.699951171875,1581.699951171875,9045,0.0,0.0
2026-01-05 14:51:00+05:30,1581.699951171875,1581.800048828125,1580.5,1581.0,70749,0.0,0.0
2026-01-05 14:52:00+05:30,1581.0,1582.5,1581.0,1581.5,70066,0.0,0.0
2026-01-05 14:53:00+05:30,1581.5999755859375,1581.9000244140625,1581.199951171875,1581.4000244140625,17386,0.0,0.0
2026-01-05 14:54:00+05:30,1581.4000244140625,1581.800048828125,1581.199951171875,1581.699951171875,17122,0.0,0.0
2026-01-05 14:55:00+05:30,1581.9000244140625,1582.300048828125,1581.300048828125,1581.4000244140625,22211,0.0,0.0
2026-01-05 14:56:00+05:30,1581.199951171875,1582.199951171875,1581.199951171875,1581.9000244140625,16307,0.0,0.0
2026-01-05 14:57:00+05:30,1581.800048828125,1582.0,1581.5999755859375,1581.699951171875,13989,0.0,0.0
2026-01-05 14:58:00+05:30,1581.300048828125,1581.699951171875,1581.0999755859375,1581.699951171875,15198,0.0,0.0
2026-01-05 14:59:00+05:30,1581.5999755859375,1581.9000244140625,1581.199951171875,1581.4000244140625,12061,0.0,0.0
2026-01-05 15:00:00+05:30,1581.300048828125,1581.4000244140625,1580.4000244140625,1580.5,79538,0.0,0.0
2026-01-05 15:01:00+05:30,1580.5999755859375,1581.199951171875,1580.4000244140625,1581.0999755859375,101476,0.0,0.0
2026-01-05 15:02:00+05:30,1581.0,1581.199951171875,1580.0,1580.0,69306,0.0,0.0
2026-01-05 15:03:00+05:30,1580.199951171875,1580.5,1580.0999755859375,1580.5,33800,0.0,0.0
2026-01-05 15:04:00+05:30,1580.4000244140625,1580.5999755859375,1580.4000244140625,1580.5999755859375,34221,0.0,0.0
2026-01-05 15:05:00+05:30,1580.5999755859375,1580.5999755859375,1579.4000244140625,1579.4000244140625,88578,0.0,0.0
2026-01-05 15:06:00+05:30,1579.4000244140625,1579.699951171875,1579.4000244140625,1579.699951171875,30395,0.0,0.0
2026-01-05 15:07:00+05:30,1579.699951171875,1579.9000244140625,1579.5999755859375,1579.800048828125,59131,0.0,0.0
2026-01-05 15:08:00+05:30,1579.800048828125,1579.800048828125,1579.0,1579.300048828125,92001,0.0,0.0
2026-01-05 15:09:00+05:30,1579.300048828125,1579.300048828125,1579.0,1579.199951171875,47065,0.0,0.0
2026-01-05 15:10:00+05:30,1579.0999755859375,1579.199951171875,1578.0999755859375,1578.199951171875,133998,0.0,0.0
2026-01-05 15:11:00+05:30,1578.199951171875,1578.199951171875,1578.0,1578.0,38063,0.0,0.0
2026-01-05 15:12:00+05:30,1578.0999755859375,1578.0999755859375,1577.4000244140625,1577.4000244140625,95696,0.0,0.0
2026-01-05 15:13:00+05:30,1577.699951171875,1577.800048828125,1577.5,1577.699951171875,48340,0.0,0.0
2026-01-05 15:14:00+05:30,1577.699951171875,1577.699951171875,1577.5,1577.5,46058,0.0,0.0
2026-01-05 15:15:00+05:30,1577.5,1577.5,1577.4000244140625,1577.5,43552,0.0,0.0
2026-01-05 15:16:00+05:30,1577.4000244140625,1577.5,1577.0999755859375,1577.0999755859375,104715,0.0,0.0
2026-01-05 15:17:00+05:30,1577.0,1577.0999755859375,1576.5,1576.5,70483,0.0,0.0
2026-01-05 15:18:00+05:30,1576.699951171875,1576.699951171875,1575.699951171875,1576.699951171875,188318,0.0,0.0
2026-01-05 15:19:00+05:30,1576.699951171875,1577.5999755859375,1576.5999755859375,1577.5,44256,0.0,0.0
2026-01-05 15:20:00+05:30,1577.5,1577.5,1576.0999755859375,1576.9000244140625,66854,0.0,0.0
2026-01-05 15:21:00+05:30,1577.0999755859375,1577.199951171875,1576.9000244140625,1577.199951171875,33117,0.0,0.0
2026-01-05 15:22:00+05:30,1577.199951171875,1577.4000244140625,1575.4000244140625,1575.699951171875,79545,0.0,0.0
2026-01-05 15:23:00+05:30,1575.699951171875,1576.0,1575.4000244140625,1576.0,71388,0.0,0.0
2026-01-05 15:24:00+05:30,1575.9000244140625,1577.300048828125,1575.9000244140625,1577.300048828125,47011,0.0,0.0
2026-01-05 15:25:00+05:30,1577.300048828125,1578.199951171875,1577.199951171875,1578.199951171875,67939,0.0,0.0
2026-01-05 15:26:00+05:30,1578.199951171875,1578.300048828125,1576.199951171875,1576.5,76192,0.0,0.0
2026-01-05 15:27:00+05:30,1576.4000244140625,1577.5,1576.4000244140625,1577.4000244140625,45150,0.0,0.0
2026-01-05 15:28:00+05:30,1577.4000244140625,1578.4000244140625,1577.300048828125,1577.699951171875,79712,0.0,0.0
2026-01-05 15:29:00+05:30,1577.699951171875,1577.699951171875,1576.0,1577.199951171875,22202,0.0,0.0
